book,decision,nav_items,toc_windows,order_inversions,missing_targets,review_note
01隐秘的人格.epub,rebuilt_and_verified,125,1,0,0,印刷目录、现有导航与正文坐标已复核
02适度的防御：建立有滋养作用的人际关系.epub,rebuilt_and_verified,97,1,0,0,印刷目录、现有导航与正文坐标已复核
03灵动的咨询.epub,rebuilt_and_verified,47,1,0,0,印刷目录、现有导航与正文坐标已复核
KO！再见，边缘型人格！.epub,rebuilt_and_verified,94,1,0,0,印刷目录、现有导航与正文坐标已复核
PET父母效能训练手册 (托马斯·戈登，琼林 译) (Z-Library).epub,rebuilt_and_verified,18,0,0,0,印刷目录、现有导航与正文坐标已复核
"Rowland Miller, 王伟平 - 亲密关系-人民邮电出版社 (2015).epub",rebuilt_and_verified,242,2,0,0,印刷目录、现有导航与正文坐标已复核
[完美伴侣：缓慢性爱].(德永).宋好.扫描版.epub,rebuilt_and_verified,69,1,0,0,印刷目录、现有导航与正文坐标已复核
[科恩伯格]- 边缘性人格障碍的移情焦点疗.epub,rebuilt_and_verified,78,1,0,0,印刷目录、现有导航与正文坐标已复核
[超级恋爱催眠术].林文青.扫描版.epub,rebuilt_and_verified,50,2,0,0,印刷目录、现有导航与正文坐标已复核
《高敏感是种天赋Ⅲ》.epub,verified_no_change,15,0,0,0,15项：14章及致谢；正文顺序完整
不被支配 自恋人格的识别与反制 ([美] 沙希达·艾拉比) (Z-Library).epub,rebuilt_and_verified,9,0,0,0,印刷目录、现有导航与正文坐标已复核
与内心的恐惧对话 ( etc.) (Z-Library).epub,rebuilt_and_verified,24,1,0,0,印刷目录、现有导航与正文坐标已复核
"亲爱的，我们别吵了 (（美）苏珊·约翰逊著；江舒译, (美)苏珊. 约翰逊(Susan Johnson)著 etc.) (Z-Library).epub",rebuilt_and_verified,16,0,0,0,印刷目录、现有导航与正文坐标已复核
人格心理学 上（第八版） (Jerry M·Burger 陈会昌译).epub,rebuilt_and_verified,137,1,0,0,印刷目录、现有导航与正文坐标已复核
人格心理学 下（第八版） (Jerry M·Burger 陈会昌译)-2.epub,rebuilt_and_verified,58,0,0,0,印刷目录、现有导航与正文坐标已复核
"人格病理的精神动力性治疗 ([美]Eve Caligor, Otto F.Kernberg etc.) (Z-Library).epub",rebuilt_and_verified,52,0,0,0,印刷目录、现有导航与正文坐标已复核
人格病理的精神动力性治疗：治疗自体及人际功能.epub,rebuilt_and_verified,53,0,0,0,印刷目录、现有导航与正文坐标已复核
人格障碍的心智化治疗 (贝特曼) (Z-Library).epub,rebuilt_and_verified,19,0,0,0,印刷目录、现有导航与正文坐标已复核
"以人为中心疗法100个关键点与技巧 (（英）保罗·威尔金斯著, 威尔金斯 (Wilkins, Paul)) (Z-Library).epub",rebuilt_and_verified,109,0,0,0,印刷目录、现有导航与正文坐标已复核
依恋  为什么我们爱得如此卑微苏珊福沃德03.epub,rebuilt_and_verified,20,1,0,0,印刷目录、现有导航与正文坐标已复核
依恋三部曲01-依恋.epub,rebuilt_and_verified,27,2,0,0,5部分、19章及参考文献层级完整
依恋三部曲02-分离.epub,rebuilt_and_verified,31,2,0,0,3部分、22章、3附录及参考文献层级完整
依恋三部曲03-丧失.epub,rebuilt_and_verified,32,2,0,0,3部分、25章、后记及参考文献层级完整
依恋与亲密关系 情绪取向伴侣治疗实践 第3版_15196205.epub,rebuilt_and_verified,89,1,0,0,印刷目录、现有导航与正文坐标已复核
依恋的形成 母婴关系如何塑造我们一生的情感 (凯伦) (Z-Library).epub,rebuilt_and_verified,37,1,0,0,印刷目录、现有导航与正文坐标已复核
俄狄浦斯情结 精神分析最关键的概念.epub,rebuilt_and_verified,10,1,0,0,印刷目录、现有导航与正文坐标已复核
俄狄浦斯情结新解++临床实例_p123.epub,rebuilt_and_verified,23,1,0,0,印刷目录、现有导航与正文坐标已复核
做自己的咨询师：动力沟通之心理咨询篇.epub,rebuilt_and_verified,32,1,0,0,印刷目录、现有导航与正文坐标已复核
"八周正念之旅 摆脱抑郁与情绪压力 (约翰·蒂斯代尔, 蒂斯代尔 (Teasdale, John), John D Teasdale) (Z-Library).epub",verified_no_change,17,0,0,0,17项：前置内容、两部分及12章层级完整
"内在生命,精神分析与人格发展.epub",rebuilt_and_verified,18,1,0,0,前置内容、14章及附录完整
创伤30讲.epub,verified_no_change,30,0,0,0,30讲与正文逐讲对应
创伤与解离.epub,verified_no_change,17,0,0,0,4部分、10章及前后置内容层级完整
"别永远伤在童年 (John Bradshaw, 马小原) (z-library.sk, 1lib.sk, z-lib.sk).epub",rebuilt_and_verified,26,0,0,0,印刷目录、现有导航与正文坐标已复核
"别永远伤在童年 如何疗愈自己的内在小孩 ([美国]约翰·布雷萧 著；马小原 译) (z-library.sk, 1lib.sk, z-lib.sk).epub",rebuilt_and_verified,26,0,0,0,印刷目录、现有导航与正文坐标已复核
原生家庭  如何修补自己的性格缺陷.epub,rebuilt_and_verified,19,2,0,0,印刷目录、现有导航与正文坐标已复核
双相情感障碍自救手册.epub,rebuilt_and_verified,14,1,0,0,印刷目录、现有导航与正文坐标已复核
图式治疗++实践指南——12482312.epub,rebuilt_and_verified,83,1,0,0,印刷目录、现有导航与正文坐标已复核
如何让你爱的人爱上你_14853081.epub,rebuilt_and_verified,176,3,0,0,印刷目录、现有导航与正文坐标已复核
"妈妈，请这样爱我 (林巨著, Pdg2Pic) (Z-Library).epub",rebuilt_and_verified,31,1,0,0,30个故事及后记完整；目录中的长句是摘要，不是小节
客体关系入门++当代精神分析理论++原书第2版_12225580.epub,rebuilt_and_verified,28,1,0,0,印刷目录、现有导航与正文坐标已复核
"客体关系家庭治疗 (Pdg2Pic, （美）萨夫著) (Z-Library).epub",rebuilt_and_verified,175,2,0,0,印刷目录、现有导航与正文坐标已复核
徐凯文的心理创伤课.epub,verified_no_change,10,0,0,0,10章与正文逐章对应
循环提问：系统式治疗案例教程.epub,rebuilt_and_verified,28,1,0,0,印刷目录、现有导航与正文坐标已复核
心理动力学个案概念化.epub,rebuilt_and_verified,43,1,0,0,印刷目录、现有导航与正文坐标已复核
心理营养++林文采博士的亲子教育课_13956855.epub,rebuilt_and_verified,32,2,0,0,印刷目录、现有导航与正文坐标已复核
性格的陷阱：如何修补童年形成的性格缺陷 ( etc.) (Z-Library).epub,rebuilt_and_verified,102,1,0,0,印刷目录、现有导航与正文坐标已复核
"情绪的语言 (（美）卡拉·麦克拉伦著；林琳译, 麦克拉伦 (Mclaren, Karla) etc.) (Z-Library).epub",rebuilt_and_verified,143,2,0,0,印刷目录、现有导航与正文坐标已复核
"戴维·巴斯 - 进化心理学(第4版)_ 心理的新科学 (2015, 商务印书馆) - libgen.li.epub",rebuilt_and_verified,24,2,0,0,正文导航完整；长目录窗口主要是参考文献和索引
执迷  如何正常地爱与被爱苏珊福沃德01.epub,rebuilt_and_verified,18,2,0,0,印刷目录、现有导航与正文坐标已复核
抑郁症的正念认知疗法 第二版 (（加拿大）津德尔·西格尔，（英）马克·威廉斯，（英）约翰·蒂斯代尔) (Z-Library).epub,rebuilt_and_verified,25,2,0,0,印刷目录、现有导航与正文坐标已复核
探索情绪痛苦以EFT为基础的整合心理疗法.epub,rebuilt_and_verified,185,5,0,0,印刷目录、现有导航与正文坐标已复核
既爱又恨 走进边缘型人格障碍 (克雷斯曼) (Z-Library).epub,rebuilt_and_verified,79,2,0,0,印刷目录、现有导航与正文坐标已复核
杰瑞姆·布莱克曼：心灵的面具——101种心理防御 (扫描版).epub,rebuilt_and_verified,23,1,0,0,印刷目录只有23个宽泛条目；101种防御是正文内容
爱你想你恨你：走进人格的世界.epub,rebuilt_and_verified,18,0,0,0,印刷目录、现有导航与正文坐标已复核
"爱的五种语言  创造完美的两性沟通  2018版,（美）盖瑞·查普曼著,南昌：江西人民出版社_14514161.epub",rebuilt_and_verified,21,1,0,0,21个印刷目录条目完整；目录长句为简介
"生死之歌 (Levine, Stephen·莱文, 莱文, Stephen Levine) (Z-Library).epub",rebuilt_and_verified,164,2,0,0,印刷目录、现有导航与正文坐标已复核
真实的幸福 马丁.epub,verified_no_change,15,0,0,0,2部分、12章及后记层级完整
神经衰弱和强迫观念的根治法 ([日] 森田正马) (Z-Library).epub,rebuilt_and_verified,155,2,0,0,印刷目录、现有导航与正文坐标已复核
"移情焦点治疗--青少年严重人格障碍的治疗 ((加)莉娜·诺曼丁, 卡琳·恩辛克, (美)艾伦·韦纳, 奥托·F.科恩伯格) (Z-Library).epub",verified_no_change,17,0,0,0,3部分、9章及附录层级完整
"简快身心积极疗法 (李中莹著, 李中莹 (1946-)) (Z-Library).epub",rebuilt_and_verified,74,1,0,0,印刷目录、现有导航与正文坐标已复核
"精神分析性心理治疗-基础教程-双语版 (Alf Gerlach,Matthias Elzer,徐勇,仇剑崟) (Z-Library).epub",rebuilt_and_verified,13,3,0,0,印刷目录、现有导航与正文坐标已复核
"精神分析的伴侣治疗 (萨夫, 徐建琴, 李孟潮, 邹春梅) (Z-Library).epub",rebuilt_and_verified,23,1,0,0,印刷目录、现有导航与正文坐标已复核
精神分析诊断 理解人格结构 ([美]NANCYMCWILLIAMS著；鲁小华，郑诚等译；李鸣审校) (Z-Library).epub,rebuilt_and_verified,176,1,0,0,印刷目录、现有导航与正文坐标已复核
精神障碍诊断与统计手册  第5版.epub,rebuilt_and_verified,37,1,0,0,真正印刷目录为37项；正文诊断条目和索引未伪造为章节
自闭症的实证干预  关键反应训练_14751325.epub,rebuilt_and_verified,124,1,0,0,印刷目录、现有导航与正文坐标已复核
"认知疗法基础与应用（第2版） (贝克, 张怡, 孙凌, 王辰怡) (Z-Library).epub",rebuilt_and_verified,149,1,0,0,印刷目录、现有导航与正文坐标已复核
认知疗法：进阶与挑战.epub,rebuilt_and_verified,103,1,0,0,印刷目录、现有导航与正文坐标已复核
认知行为治疗的个案概念化_14717469.epub,rebuilt_and_verified,61,1,0,0,印刷目录、现有导航与正文坐标已复核
认知行为疗法123项实用技术-306黑白.epub,rebuilt_and_verified,155,0,0,0,印刷目录、现有导航与正文坐标已复核
认知行为疗法咨询方案：10大心理障碍 (郭召良) (Z-Library).epub,rebuilt_and_verified,151,1,0,0,印刷目录、现有导航与正文坐标已复核
认知行为疗法咨询方案：7大心理问题 (郭召良) (Z-Library).epub,rebuilt_and_verified,128,1,0,0,印刷目录、现有导航与正文坐标已复核
走出双相情感障碍++应对躁郁生活的日常指南.epub,verified_no_change,10,0,0,0,前言及9章完整；已无text和页码前缀
辩证行为疗法：掌握正念、改善人际效能、调节情绪和承受痛苦的技巧 (马修·麦克凯  杰弗里·伍德  杰弗里·布兰特里) (Z-Library).epub,verified_no_change,12,0,0,0,12项：译序、10章及参考文献完整
边缘性人格障碍治手册 玛莎林内翰.epub,rebuilt_and_verified,58,1,0,0,印刷目录、现有导航与正文坐标已复核
"边缘性人格障碍的移情焦点治疗 (（美）克拉金等著, 克拉金 (Clarkin, John F.) etc.) (Z-Library).epub",rebuilt_and_verified,78,1,0,0,印刷目录、现有导航与正文坐标已复核
"远离强迫 (闫俊著, 闫俊主编, 闫俊) (Z-Library).epub",rebuilt_and_verified,10,0,0,0,印刷目录、现有导航与正文坐标已复核
部分心理学.epub,verified_no_change,8,0,0,0,8项均为独立正文主题，无印刷目录可误收
